{"mean":{"confidence_interval":{"confidence_level":0.95,"lower_bound":22783.46086958298,"upper_bound":22902.201564042374},"point_estimate":22842.05334839541,"standard_error":30.36666502453067},"median":{"confidence_interval":{"confidence_level":0.95,"lower_bound":22730.890202058712,"upper_bound":22910.520598006646},"point_estimate":22868.041777408638,"standard_error":35.75724004545536},"median_abs_dev":{"confidence_interval":{"confidence_level":0.95,"lower_bound":232.09181950215194,"upper_bound":383.1554704036898},"point_estimate":296.965341915969,"standard_error":39.81877711313889},"slope":{"confidence_interval":{"confidence_level":0.95,"lower_bound":22802.654031606307,"upper_bound":22949.14654733508},"point_estimate":22875.318323533153,"standard_error":37.385861665269566},"std_dev":{"confidence_interval":{"confidence_level":0.95,"lower_bound":256.8410027083351,"upper_bound":350.3293199147351},"point_estimate":305.2136508775569,"standard_error":24.013497803396987}}