{"mean":{"confidence_interval":{"confidence_level":0.95,"lower_bound":7874837.423666664,"upper_bound":9605157.179999998},"point_estimate":8475456.458333332,"standard_error":540022.8147526963},"median":{"confidence_interval":{"confidence_level":0.95,"lower_bound":7842361.166666667,"upper_bound":7966104.166666666},"point_estimate":7917517.333333333,"standard_error":32985.82473227088},"median_abs_dev":{"confidence_interval":{"confidence_level":0.95,"lower_bound":184748.26532006264,"upper_bound":303747.6696074009},"point_estimate":230348.71626049234,"standard_error":32017.663479859122},"slope":null,"std_dev":{"confidence_interval":{"confidence_level":0.95,"lower_bound":315574.08931449155,"upper_bound":9314042.969825031},"point_estimate":5438387.622120874,"standard_error":3233725.1363020805}}